,0,1,2,3,4,5,6,7,8,9,10,11,12,13,14,15
Apical cell membrane,-1.1779484,1.5193305,-0.6401612,1.4404857,1.2513332,-2.098306,1.7177838,-1.423321,0.16309671,-4.072228,-0.06697004,-1.6702386,-2.3802078,0.7401926,0.20552346,0.18834093
Basal cell membrane,-1.7817833,4.309062,0.6018811,3.257303,1.0255923,-1.4164451,0.59039634,1.1595975,1.2933002,-2.102972,-0.36409384,-3.2828763,1.3955808,-0.9013072,5.0103755,-2.7975929
Basolateral cell membrane,-2.4522715,3.1262388,0.33670038,2.111016,1.2048029,-1.9222257,0.9017207,-0.52601296,1.1704257,-3.6198227,-0.83655846,-2.6791408,-1.1168499,-0.9412023,2.0914133,-3.1319182
Cajal body,-0.9426153,-3.7780805,1.7616497,2.267184,-0.50504446,2.5801625,3.142989,2.3964555,1.1144897,-0.45692834,0.1347392,2.9725432,-1.023183,4.6210017,-0.96379197,2.2687159
Cell junction,-0.05234277,-0.6237753,-0.85018814,1.2150856,-0.29924753,1.0095239,-0.30799448,-5.2909694,-0.25123623,0.8682716,-3.0614533,1.492369,1.6310018,-0.14067446,-1.1383481,1.2798185
Cell membrane,-1.2217442,1.0148059,0.5770264,0.7443006,0.27249026,0.44134307,0.89379805,-0.8431489,-1.0626668,-0.70424175,0.84929603,0.831439,-1.0377814,-0.41755417,0.5073491,0.38802433
Cell projection,-0.49847344,0.21044272,1.163053,0.08414655,-1.6385964,-0.10388934,-0.04776483,-2.4818163,-0.10660556,0.19138184,-0.11176085,2.3562417,0.29261264,-1.2826711,0.64977026,-0.023951199
Cell surface,2.6005812,2.4032295,6.691619,-2.0860572,-0.61793315,-0.678372,-1.1795776,0.37092873,-1.6976732,0.55521387,-3.0757682,1.6340011,-3.4521127,-2.8837552,0.09401239,2.2556753
Chromosome,1.9053135,-1.456214,-2.0320482,-3.0042772,-2.8776178,2.005787,3.2017195,2.6233056,2.0881393,1.1364766,-0.48685306,0.6895436,-0.18882938,0.9503999,-2.8853898,0.023945136
Cleavage furrow,-1.4717579,-3.0102322,-0.99546754,-0.32576656,-2.3766668,-4.1382003,-2.3305013,0.3962177,2.0026073,1.2826767,-2.915123,3.2815428,3.2220085,-1.8595822,-1.6439675,3.1047127
Cytoplasm,-0.49058303,-0.08923513,0.09314102,0.7244584,-2.7603166,2.739659,1.2656864,1.4871593,0.3547874,0.3439222,1.5873153,1.1984304,-0.15433319,-0.6197081,-1.2317493,0.5731831
Cytoplasmic granule,-2.7749858,-0.32768285,0.07032722,2.8438954,1.3823247,-0.017778732,-0.84594107,1.4810607,1.6185938,-3.8114693,-0.28875017,-2.5744622,-3.71333,-3.556267,-1.9590479,-4.1060824
Cytoplasmic side,2.417632,2.8394504,3.0557723,0.38407123,-1.8049487,0.8116505,-0.6052006,0.91609776,0.9955396,-2.4109683,1.5625284,0.7001436,0.5510809,-1.9397198,4.3134418,1.4885867
Cytoplasmic vesicle,-0.871202,0.5986978,1.4602336,-0.042225488,2.922014,-1.1335535,-2.2282465,-1.7064701,1.7726094,-3.7420695,-0.6608543,-2.0629632,-0.4498284,0.9551536,-1.019811,-1.0243293
Cytoplasmic vesicle lumen,0.2757833,0.1196469,-0.73687464,0.23116526,0.1874314,2.4340408,-1.2734121,-4.117286,-0.9388468,-4.271016,-2.2169156,-1.1216475,3.402114,1.4104033,-5.1908827,3.2497318
Cytoplasmic vesicle membrane,1.1065242,2.6921637,0.44259462,2.91498,0.76250273,0.908332,-0.17344429,1.5185171,0.53040403,-0.42869306,2.8870528,-1.7815903,1.9509894,-0.18300077,6.5531025,1.78079
Early endosome,-0.12157675,0.20776384,0.6250824,0.4371219,-0.7432424,1.1414315,0.8439392,0.6591459,-0.6353528,-0.36716473,0.5261424,0.042963658,0.39941248,0.08083579,-0.283152,0.55050683
Early endosome membrane,1.5975548,1.7179412,-0.7968245,1.5424922,2.5280263,-3.7954586,0.8967585,-0.8414466,-0.56065166,1.1671095,3.3065746,0.6894613,-1.2098686,1.9054257,-0.51029557,-0.22518587
Endomembrane system,0.34479502,2.1691663,-0.60191107,3.460409,-0.5748636,0.71291816,0.6603161,-4.2419267,-2.1803231,1.8864444,-2.7287784,0.54925096,1.3896754,-1.5063385,-2.7134697,-1.5306098
Endoplasmic reticulum,2.2308931,0.5873638,-0.3681925,-1.6169813,1.2863871,1.0876672,-0.25235772,1.0780765,1.5292275,-1.5473055,0.78273195,1.7636201,0.07360761,-1.250761,-0.85980767,-1.2285712
Endoplasmic reticulum lumen,3.5628066,-0.9326745,-1.3684719,-1.8313729,2.3015192,-0.20915209,2.0326076,2.7553537,-2.6386757,-2.8026783,-4.07689,-4.1609135,1.2200108,-0.31734267,0.4223426,2.2482483
Endoplasmic reticulum membrane,0.49383196,2.8834472,-1.1690807,1.0825253,2.7947817,-0.74434257,-0.060627196,2.7516315,0.2138592,-0.73665273,1.0984828,-0.70847434,2.1869042,-0.10646264,3.3480036,0.9299754
Endoplasmic reticulum-Golgi intermediate compartment,2.6386669,2.048189,3.3424885,-1.2256184,-1.0632955,1.9653906,-0.41939828,1.8085879,-0.37280038,-1.7999426,1.4834636,2.7198703,0.64066947,-2.3897743,1.9340523,0.53780663
Endosome,-0.7768849,1.301793,-1.785964,-0.96912843,1.3050848,-4.631835,-0.7569808,1.4072053,0.81069803,2.6388097,1.4025648,1.2538737,1.2519466,0.47753477,-0.9737157,1.3438735
Endosome membrane,-0.975669,2.1587925,-1.0552453,1.7735233,1.3232478,-3.4980567,0.28328165,-1.8102347,-0.20187,-0.21836682,-0.55353945,-0.055985205,-1.3502759,-0.9182208,-1.5015525,-1.2886838
Extracellular side,0.6305175,-0.04677895,-0.9093024,-0.832279,1.1960659,2.0363207,-0.058664892,-0.9425677,-1.3162419,-5.3054814,-1.9336565,-2.216048,1.9099864,1.7115022,-4.853501,3.3226311
GPI-anchor,0.7107567,-1.1497499,0.7628643,4.139973,-2.4429579,-0.71197444,-0.34488896,-1.5614607,1.563883,-3.3030365,4.238766,-1.3485049,-2.6052232,-0.97287595,3.8281672,4.1105638
Golgi apparatus,2.2894678,-0.40959167,-0.44188124,0.21114132,3.4249017,-0.29326832,-1.3122646,0.35391408,0.99639076,-0.31835133,1.6578233,2.9986985,-1.5814936,-2.625907,0.28481147,-1.5176787
Golgi apparatus lumen,-2.5451753,1.0529946,-1.4376974,3.730282,0.80584157,-2.653049,0.35610542,0.18890952,0.8006034,-3.1712086,-0.3242001,-2.982524,-3.3847885,-3.360556,-1.2211533,-3.417899
Golgi apparatus membrane,0.9983835,1.6112823,0.52568704,1.9395244,2.642834,-0.6878085,-1.290871,-0.2077153,0.7277637,0.9585277,2.1983204,-0.5699821,-1.2503581,1.1806802,1.7553476,2.6814034
Golgi stack membrane,1.2724909,0.5520442,-0.97344774,1.1730702,5.1118135,-0.088183485,-1.8461828,1.7572991,0.8774576,0.031153386,2.6078327,3.7011306,-1.9771367,-2.4940886,0.18269052,0.0891337
Inflammasome,-6.468751,-2.6730564,1.728302,-1.7124074,-2.017331,-0.16436408,-2.3849418,0.35541394,2.7750504,2.1479924,-2.094151,2.7380083,3.9979131,0.05870102,0.08100188,1.0503622
Late endosome membrane,0.2235851,1.6209718,-1.8385913,0.6634882,3.1013165,-5.7504454,0.59195197,-0.050602417,-1.7957999,1.905635,2.9632888,-0.7788333,-1.1239625,0.97678626,-1.2410668,0.24858673
Lipid droplet,0.79201406,2.2493014,-1.1431717,-0.05624455,-0.73477906,-0.18341574,-0.7136845,1.7129103,2.306144,2.9741619,0.011311934,0.9690736,3.419074,-0.70238376,1.2011173,-0.04576869
Lipid-anchor,0.85895514,0.63756573,1.3052448,2.4014122,-2.3064842,-0.9234624,-0.80805516,-0.84379244,1.4695232,-2.578609,5.1279273,-1.5130651,-1.5604095,-0.32698056,4.2036223,4.2374077
Lumenal side,4.4365726,-1.1204994,-1.7622516,-1.6464636,2.4470413,-0.3673858,2.0932379,2.2858338,-2.8183725,-2.626947,-4.3361926,-4.7177515,1.7291281,-0.26293093,0.046513423,2.4436977
Lysosome,0.1664153,0.49207696,0.40829054,-0.7477738,1.4148768,1.521766,-1.9895127,-1.2490226,-0.64707947,-5.32889,-1.6142429,-2.207122,2.1202579,0.50879943,-4.877427,1.8566568
Lysosome lumen,0.54104805,1.9114994,-0.1869763,2.3316455,3.1569555,-4.5972157,-0.026756402,0.20045103,-1.117281,1.6034702,2.0702994,-0.33010545,-1.4826353,1.2955977,-1.0874597,-0.10033419
Lysosome membrane,0.620414,1.0742275,-2.1419683,0.02770588,3.8642342,-3.7820947,-0.5866001,2.298782,-0.5041033,1.7266968,3.3992484,0.47158858,-1.0456761,0.07384785,-1.5298119,0.8507353
M line,0.09676919,-5.57183,2.830802,-0.14124207,-0.4594347,-0.35487902,2.2156124,0.18467732,-5.8269954,-0.3764935,0.4201047,2.1062136,2.260727,-1.452205,2.581317,-1.5265052
Melanosome,-2.7116442,2.0432181,2.1064022,-1.6319848,2.507414,2.8401763,2.116466,0.431168,-0.81525147,1.9958864,0.2616079,0.19895065,-0.0759602,2.5819256,0.18947902,-2.9596045
Melanosome membrane,0.39244443,0.44426268,-2.145577,0.15145479,4.143999,-3.366591,-0.60380024,-1.1295677,-0.47555512,2.3626187,2.8017244,2.055263,-1.8818874,-0.15657778,-1.299154,0.73896766
Membrane,0.4616854,2.321931,1.124553,-0.40093234,-0.98257905,-0.055325657,-0.89489603,-1.0833976,0.8404915,1.3816181,-1.6179566,1.5418124,0.39738438,-0.6542978,-0.34695375,2.2411788
Membrane raft,-2.030947,1.2427245,0.28964257,-0.5049776,4.2271194,0.3199496,-1.2759994,-2.552661,1.39974,2.9555166,-1.9270327,-1.7427826,-3.9283113,2.240367,1.2227432,5.5311427
Microsome,0.95642745,0.08295704,0.08758145,-0.028584098,-0.31404698,1.8841008,0.30461353,2.00461,0.521249,-0.3222649,0.7136601,0.85840565,-0.55634606,-0.75522184,-1.8585529,0.44384947
Microsome membrane,0.06988874,2.7965157,-1.5051601,2.3870428,2.5778985,1.3140028,0.35757422,2.9354906,-0.026182884,-0.55786496,1.3448851,-1.2751827,3.9765658,0.11095199,5.5965667,1.5676633
Midbody,0.23804837,-1.2580918,-2.0528154,-2.0166092,-2.5841842,-1.8635626,0.16072485,0.43943605,3.1659572,3.2352698,-2.0953228,1.5743307,2.218907,-1.1491235,-0.12045618,-0.18997839
Mitochondrion,-1.4052416,1.8488214,-0.020597035,0.11070061,-1.5193856,2.2432137,1.4408956,1.3207421,-0.9591983,0.7415042,2.4187384,0.08809428,-1.1666971,0.21830052,-1.7145066,2.055261
Mitochondrion inner membrane,-1.7686094,3.506581,1.4528891,1.0153341,-2.9497325,3.06191,0.61027575,1.7598622,-2.7718322,0.09942171,4.001372,-0.77820987,-0.38892055,-2.505383,0.9418701,2.718233
Mitochondrion intermembrane space,-1.0518835,1.9158218,1.9407198,-0.4018696,-3.3427863,3.9605837,0.6915675,1.4023359,-3.8258443,1.2231398,2.812091,0.2044501,0.47141004,-2.997293,-0.25539413,2.0764344
Mitochondrion matrix,-3.1505277,0.6770059,-0.77114445,1.2934426,-3.35101,3.3677812,1.3255435,1.4563487,-2.280012,0.7184706,4.5954266,-1.9700493,-1.5719496,-2.2206175,-1.5979786,2.311614
Mitochondrion membrane,-2.1303818,1.7600218,1.0200012,-0.3233365,0.017834185,-3.4333866,1.7188236,-1.4942456,0.27878508,-4.2206492,-0.25328782,-1.0533886,-0.65767086,1.204231,-0.18059033,-2.3596368
Mitochondrion outer membrane,-0.91451156,1.8677907,-0.65000093,-0.5105447,-0.26029742,-2.4030719,-1.2985086,-0.059169296,-0.6346902,1.2207727,5.347609,-1.280403,-1.4932718,-1.334741,0.66802275,3.1988695
Multi-pass membrane protein,-1.5242689,1.78276,-0.013766019,1.159378,2.4547074,-1.0220214,0.4508915,-0.91446334,-0.42417845,-0.8657201,1.2814506,-0.32587376,-0.14649934,0.42285126,1.703123,-1.3911302
Myelin membrane,1.2613826,-2.6229966,-1.9300932,-4.4400706,-3.6069887,0.7948415,0.13989076,-1.6431189,3.1597986,4.027054,-0.15024844,-2.579534,1.3417859,-1.2837903,0.29886428,-2.0583487
Nucleus,-0.0011396611,-0.6105233,-0.17721528,0.2340746,-2.8341901,2.752967,2.1666954,2.116046,0.77209276,0.29269654,0.7519471,1.3218914,-0.20520867,0.76842403,-2.076974,0.8664604
Nucleus envelope,4.6753855,0.102690205,1.8186344,3.662798,-0.34017205,-0.38529363,-0.16804625,2.1241443,1.1239213,2.189808,3.1390128,-0.3820282,2.5134797,3.7096734,-0.99625975,-0.68895054
Nucleus inner membrane,-0.8831361,-1.742323,-3.5764039,3.2435176,2.8969705,3.1773276,0.5856237,2.4494455,0.70246124,-0.37329307,1.3359307,-1.0517977,5.969131,1.3966889,3.1232483,0.37476325
Nucleus intermembrane space,4.719115,-0.5534856,2.5827386,2.8110054,-1.6972231,0.116809785,-1.4014506,2.9039464,1.867071,2.4075663,2.757148,-0.50479376,4.5068717,2.9577265,-1.4049401,-1.0846243
Nucleus matrix,4.386854,-0.25354287,2.318612,2.5182362,-1.5478816,0.38406876,-0.82332295,2.880977,1.5126797,2.8040676,2.990352,-0.60918295,4.215361,3.4592702,-2.1142197,-1.1825832
Nucleus membrane,2.7948916,-0.0046642856,0.00796101,1.8870683,-0.65289,0.52862245,-1.1507366,2.8114648,2.4023643,2.8203266,1.3168349,-0.18889494,4.9524846,1.3776149,0.6219559,-1.3240646
Nucleus outer membrane,-0.48426858,-0.94531035,-3.6834407,2.9705899,2.5480788,1.7042118,0.6084358,2.9476745,0.9615206,0.3093023,1.624085,-0.5336388,6.950873,1.7055322,2.741165,-0.43741295
Nucleus speckle,0.5672719,-2.1555264,0.6162586,1.9912357,-2.1340756,1.4339113,2.7456706,1.5337765,1.0021163,0.023954028,0.24697767,0.8403374,-0.9256785,2.5053232,-1.6314616,0.7140321
P-body,-1.8706686,-3.5821588,1.5200233,2.6191206,-0.5202071,2.327671,3.3881414,2.2485213,0.9944266,-0.7148973,-0.42953694,2.0335586,-1.1137804,4.27436,-1.1251254,1.7557511
PML body,-0.21713673,-0.8655754,-2.3141286,-1.3983188,-1.5461022,-0.90724033,3.725178,3.2076561,3.2724535,3.4592762,-5.2489233,3.1289356,0.6492207,-1.3534884,1.8140266,-1.8773991
Perikaryon,0.64226025,-3.378137,-0.56947184,-2.703267,-1.7076083,0.9059548,1.0507684,-4.8739495,0.053636085,3.5416245,-0.21046661,-0.44886947,0.74665475,-0.7321615,1.5768565,-3.0535474
Peripheral membrane protein,1.4527966,0.97187984,-0.16288121,0.7119482,-0.5427806,2.3901713,0.35210422,1.0870454,-1.4308826,-1.3281233,1.0367541,-0.1448754,2.7332108,-0.147083,0.13439089,1.7570803
Peroxisome,-2.781016,-1.6305687,-1.9854473,2.7481873,-0.32742432,1.4523101,0.23850203,2.3952882,-0.018500308,-1.1020731,1.3787352,-2.776444,-2.9673388,-4.2090983,-2.022785,-2.0281436
Peroxisome matrix,-2.5488653,-3.484657,-2.250796,1.4937034,0.69163644,3.6829474,-0.4144111,2.2839334,-0.5249629,0.2635017,0.6564631,-2.7111027,-2.5541453,-3.992286,-2.6668446,0.18152894
Peroxisome membrane,-0.60652953,1.4302654,-0.000991123,0.55809474,1.4708904,-0.60270077,0.5078444,0.5372449,0.07638187,-0.304739,0.4630882,-0.32181206,0.6888045,0.49735007,1.5481553,-0.108296864
Photoreceptor inner segment,-2.9196475,2.0301862,2.1508648,-1.4588214,2.8339581,2.0754404,2.0464413,0.24067624,-1.459606,1.5495317,0.21684985,-0.23165564,0.19985741,1.8893688,-0.4382705,-2.9926293
Postsynapse,-2.0956976,-1.9815768,2.5233862,2.7652278,-3.998952,-1.9170938,2.842631,1.6222414,-1.6027582,2.909126,-2.3588648,-3.0685272,-0.64733344,0.22838196,0.03185109,1.7250093
Postsynaptic cell membrane,0.3279362,-2.804983,-0.19150387,-0.41792783,-0.1554949,0.04632243,1.0409977,-7.372104,-1.8374177,2.479864,0.47031087,0.37361565,0.6095325,-0.27934706,1.5712498,-3.1881578
Postsynaptic density,1.7127911,-0.1723988,-1.9438586,0.7069316,4.4331365,-0.77579045,-0.41503957,-2.7750018,-0.10280761,1.7654934,3.441069,3.1260996,-2.0785682,-0.6058712,-0.9272044,-1.0510974
Presynapse,-1.8301576,-1.8874764,2.4876142,2.6256824,-3.7619119,-1.7535754,2.6914124,1.3664982,-1.9808521,3.1014628,-2.2787979,-3.0201643,-0.81852233,0.49772272,0.1607968,1.7764745
Presynaptic active zone,-0.59546196,-3.4392786,-2.5645525,1.8719541,0.57410955,2.3642082,-0.6022613,1.9320718,-0.36582288,1.0983726,0.017175296,-2.4392736,-1.8792973,-4.104136,-1.9951564,0.9129341
Presynaptic cell membrane,-0.8644935,1.641889,2.5434341,0.98076427,-0.20052028,-1.518257,-0.48371834,-2.316778,0.5494828,-4.543858,0.630002,-2.4860795,0.16912834,0.5227068,1.9582278,-1.3179597
Recycling endosome membrane,-1.0796438,2.0124936,-0.19484884,0.6493958,1.3307636,-5.152358,2.251497,-1.1522173,-0.58069295,-2.2949748,1.1631999,-0.8651855,-0.34337175,2.232531,-0.25512785,-2.3136759
Rough endoplasmic reticulum,3.8869674,-0.6736718,-2.494536,-1.3760235,2.040678,-0.6590994,2.0237772,2.7368448,-2.5767143,-2.4036415,-3.958197,-4.3179255,1.561994,-0.8776374,-0.31616762,2.6265523
Secreted,1.2040585,0.9929676,-0.31692395,-0.4703387,2.8083313,1.1120844,-0.78549373,1.2183897,-0.68844527,-1.9232845,-0.591108,-1.6576831,-1.6562327,-0.5090081,-2.3569467,2.1448793
Single-pass membrane protein,0.39162087,4.8610525,0.17322734,1.3096586,0.22801661,0.9699984,0.057933692,2.7279568,1.1838892,-0.6484408,1.5434467,-2.2664511,3.4816,-1.0084833,5.7993975,-0.080546215
Single-pass type I membrane protein,0.130887,-0.2948165,-0.29172277,2.0981889,0.9668168,0.3560325,0.113837086,-4.1347985,2.4109845,-0.5354715,0.115262605,2.2336423,-3.012569,0.6093246,0.6805049,1.6862121
Single-pass type II membrane protein,1.494786,1.6094354,2.5034773,0.5480138,3.4123194,-0.25579214,-2.3543434,0.9774874,0.44280922,-0.7429944,0.22941843,-0.8745778,-3.2209098,-0.59567255,0.12240682,1.7507449
Single-pass type III membrane protein,-0.97806466,1.067966,-0.87329,-1.0228872,-0.60286623,-1.7162999,-1.1902986,0.9449937,0.22121735,1.8400087,4.915043,-2.0744429,-1.331324,-1.2111886,0.2663424,2.7878895
Single-pass type IV membrane protein,0.7443984,2.5409899,2.0675635,-0.54612035,-0.40764633,0.44417417,-0.34515372,1.5409467,0.42846647,-1.6469653,1.5649993,0.5973231,1.6903466,-0.6910458,3.823496,1.4364766
Stress granule,-6.4002395,-2.8726878,1.9912186,-1.5205442,-2.3373725,-0.056798432,-2.6625917,0.2461464,2.8719728,2.0539892,-1.3487887,3.2454653,3.7062461,0.04071693,-0.29019287,1.2082089
Synapse,0.13632306,0.18519469,-0.19374381,1.0430948,-0.08822776,-1.7014611,1.6896771,-5.8996105,-2.2401862,0.5853001,-0.55972606,0.012051889,0.15136456,-0.15075335,0.30693638,-2.760771
Z line,1.1424946,-5.398501,2.508348,-0.7645979,0.012412478,0.4475554,1.4681984,-1.3346713,-5.556242,-0.089550555,0.51296824,2.3887913,2.162263,-1.9828465,2.7820325,-1.5724925
Zymogen granule membrane,0.119959995,3.3119648,0.066745944,4.699579,0.24417505,1.9115573,0.104154885,-1.7436153,-2.3567185,2.8540819,-3.8247576,0.58731693,0.9975484,-2.910265,-2.9607468,-1.8961416
acrosome,-0.95264035,0.6018902,0.8670487,-0.1606794,2.383372,0.44832233,-2.2510457,-1.24529,0.38270625,-6.3470945,-1.4093311,-2.9330554,0.5797415,0.11294805,-3.7959952,-0.01413049
adherens junction,0.28643763,-0.40749127,-0.89461875,1.4787797,1.7802798,1.7956218,-0.7491255,-5.915993,1.2285951,1.3063451,-2.5493584,1.4264419,-0.6328836,0.5790029,0.51320034,2.5113611
autophagosome membrane,-1.8585411,0.5736054,-2.1279063,-1.0864834,3.5120645,-6.2697887,-1.1542046,1.5434266,-1.1670257,1.832646,2.8124857,-0.42452568,-0.033942934,0.42734256,-2.4060874,1.2311138
axon,1.1402406,0.5663716,-1.2918237,1.0877731,1.3685502,0.41265687,-0.2851475,-3.0840733,1.1526526,2.7702503,-0.37030518,2.6382115,0.20302393,-0.100180194,-0.08465548,0.05323914
basement membrane,2.0960467,-1.3363315,-2.6351573,-5.972862,1.7140542,1.8657448,3.4651363,3.3831773,-0.8872585,-4.575474,-0.48279023,0.05291926,0.043323487,-0.14298232,-2.3558488,1.007959
caveola,-1.7489079,2.039619,0.52543926,-0.46335235,4.5029864,-0.16251893,-1.399538,-1.6079633,0.40843707,3.864494,-1.5066645,-2.4679825,-3.9172266,2.1578882,0.85201734,5.6777034
centriolar satellite,-0.5918482,-0.16972886,-1.077406,-1.9210473,-2.981397,0.42894578,0.31138602,1.1650316,2.915896,2.5321262,-0.07723531,1.8504381,2.0168602,-1.0522771,-0.0379046,-0.69233966
centriole,-0.011452066,-1.7644863,-1.6208359,-4.4831896,-4.048121,-0.52208555,0.4919578,-1.8772055,3.6194942,2.8691585,0.24294305,-1.368012,0.8751712,-1.3586359,0.9945033,-1.8471546
centromere,0.18645021,-1.4361249,-2.252261,-2.0430896,-1.1363276,-1.2124907,3.725845,3.5088465,3.7239592,3.8161576,-5.013176,3.058138,0.5223036,-0.38036472,2.0026627,-1.6019639
centrosome,-1.0074311,-0.6905635,-1.3359599,-2.9538894,-2.9399302,0.23242672,-0.09433668,0.6609206,3.5899985,3.1031199,-0.95421904,1.3736446,2.3446634,-0.8822247,-0.068737864,-0.5373922
chromaffin granule,0.58403736,-0.1645289,-0.4563078,-1.5882732,1.4720265,0.8766023,-0.0118407905,-0.15034881,-0.60330546,-6.414916,-1.8393891,-3.511944,1.4151844,1.7047886,-3.9988697,1.7841326
chromaffin granule lumen,-0.57084066,-2.70799,4.242436,-0.5464057,4.6127095,0.25391367,-4.1433024,1.0420325,2.9522748,-2.0952554,-1.3450689,-3.854249,-2.1773202,0.44071,-1.0011814,-2.8509362
chromaffin granule membrane,-0.6631489,-2.236547,3.7728777,-0.016622914,3.9008,-0.030073157,-4.167067,1.0269912,2.860696,-2.8401496,-1.1521667,-3.3473194,-2.6319292,-0.68519217,-1.8298646,-3.4279945
cilium,-1.3102529,1.7427237,0.3029799,-2.317917,-2.0728273,-2.3964267,1.1159947,-2.092369,3.3629432,-3.1831882,-0.15454105,0.119470805,-0.67402816,0.4103943,0.34484887,-1.7204617
cilium basal body,-1.1235466,0.18452293,-0.97045696,-4.6157784,-3.686833,-1.6754701,0.45475146,-1.4523405,3.7100987,1.09763,1.2383052,-1.3827462,-0.37008062,-0.90912104,0.9137132,-0.9746294
clathrin-coated pit,0.4801226,1.868237,-1.3157141,1.6317264,-0.8154975,0.005953487,0.61150235,-4.046478,0.5870503,2.3281329,-2.9098198,1.7707955,1.350977,-0.4925628,-1.1721069,-0.0082703745
clathrin-coated vesicle,-0.9911318,0.09294374,-0.40588167,1.0266994,3.1966162,1.8528246,-0.5486625,-5.5450697,1.6778226,1.3750242,-2.0584931,0.1849453,-2.1803205,1.9946973,1.5426586,2.9623675
cytoskeleton,-0.5302055,-0.23445861,-0.8389383,-1.6935958,-2.875787,0.12896422,-0.15240574,0.3039382,2.8455317,2.4879227,-1.4166698,2.2647877,1.63066,-1.2887305,-0.20568927,0.5508159
cytosol,0.10367458,0.010708358,-0.37080324,0.64568174,-1.6209178,2.6552796,0.63135004,2.0562057,0.20788814,0.6652546,2.1492774,0.70170987,-0.623239,-0.9931359,-1.563073,0.6629958
dendrite,1.1685594,-1.8837576,-1.0600258,0.24248688,1.9939625,0.23708192,0.08201607,-6.23613,-0.2853597,2.1288347,1.0709236,1.5618062,-0.7940678,0.006183778,0.8649045,-1.7394487
dendritic spine,0.3790078,-5.305562,1.5438516,-0.5574163,0.12786795,0.3512722,1.1531647,-5.0239644,-4.9423943,1.0078732,1.0105685,1.5463176,1.7679224,-1.2281337,2.657793,-2.828288
extracellular exosome,-0.94249237,2.5800085,-1.0884202,-0.63856506,3.8468313,-1.8379452,-0.72991514,-0.5837272,-0.09572544,3.6510186,1.0883441,-1.3256555,-2.8469343,1.5118282,-0.46884444,3.8498
extracellular matrix,2.367265,-1.6284713,-2.8319855,-5.9328914,1.4917622,1.6357148,3.5192401,3.1067705,-1.286485,-3.7656026,-0.8430796,-0.72398865,-0.045733232,0.2395436,-2.6915305,1.8282596
extracellular space,2.6954534,-1.0215781,-2.3506384,-3.5702624,1.6151981,0.8949034,2.068942,1.8694594,-1.5850093,-4.9524584,-2.4226305,-2.9608514,1.3600487,0.64028406,-2.5212133,2.341849
flagellum membrane,-2.1609886,1.9603665,0.7931864,-0.4376042,-0.2340116,-4.101787,1.8200425,-1.8575907,1.321924,-4.7527947,-0.7272481,-1.5833877,-0.5358509,1.385459,-0.18437056,-2.9417775
focal adhesion,0.07935746,2.0786452,-1.5037333,2.6191018,-0.782151,0.7267743,0.4611002,-5.159872,0.13540082,2.1830838,-3.7932463,1.7472245,1.1147964,-0.8923058,-1.8173883,0.39412388
growth cone,0.9025438,-2.827264,-1.5445883,-4.4606476,-3.8624234,0.8792106,0.095228516,-2.043489,2.886474,4.0369744,-0.72833806,-2.2530136,1.2667254,-2.0253618,0.716471,-2.4923246
invadopodium membrane,3.1483517,2.0031567,6.262784,-1.9415425,-0.7068409,-0.08276057,-0.73794264,0.19550774,-1.7823241,0.6343755,-2.9743993,1.3797013,-3.5802794,-2.8083274,0.577807,2.3663118
lamellipodium,-3.4109485,-3.0607877,0.28962606,-0.45802853,-2.6684766,-2.0348763,-2.3841796,0.16578801,2.1140072,1.0906307,-2.4501696,3.444494,3.3757343,-1.6121037,-0.8940349,2.6340027
lamellipodium membrane,2.6293447,2.060034,6.5125456,-2.5538633,-1.2651166,0.30105764,-1.1239145,0.3578549,-1.742829,0.5370903,-1.7456249,2.075725,-2.7703874,-2.8366957,0.34914395,1.9795092
microneme membrane,-1.2981564,0.55340886,1.0803545,-0.3326356,2.7236428,-0.84315497,-1.8147988,-1.4757371,1.583661,-4.4884777,-0.20464337,-2.0604734,0.19294208,0.71195525,-0.5182161,-1.4899741
microtubule organizing center,-0.7853455,-0.9598899,-1.4369851,-3.1289446,-3.1658554,-0.04173697,0.059066787,0.38692382,4.062245,2.8514934,-0.9262773,1.9058634,2.737692,-0.75252944,0.73924893,-0.23143438
microvillus membrane,0.6552307,-1.457228,0.6470863,3.2278795,-1.9272295,0.20981283,1.575383,-2.3050668,2.340244,-2.7149131,2.2062538,0.8231715,-3.442845,1.0421618,2.9176385,3.1697915
mitochondrion nucleoid,-3.110454,2.2399676,-0.35826582,0.18216735,-2.3575046,3.235361,1.7435733,1.738396,-3.8578582,1.2618073,3.9993773,-2.2631679,-0.64189154,-2.2134163,-1.3876305,2.3504324
multivesicular body membrane,-1.3324484,0.8520356,-2.2129078,-1.1275321,4.0856338,-5.643252,-1.2524427,0.74380326,-0.9948022,2.412331,2.8279102,-0.35787326,-0.27843264,0.48581895,-1.3175453,1.7811689
myofibril,0.46673316,-5.571309,2.4323502,-0.6447686,-0.25132895,-0.41677073,1.7044791,-0.90744567,-5.880557,0.24486454,0.944213,2.4559643,2.3576126,-1.6544577,2.3564,-1.5747585
neuron projection,0.45586804,3.6375673,-0.54307604,3.021988,-0.15026574,0.7492884,0.16411006,-3.8846354,-1.9695063,2.1879706,-2.761641,1.0788193,1.0825421,-2.2798824,-3.5646162,-1.5992616
nucleolus,1.6818018,-2.6050606,-0.5412968,2.589045,-2.758569,2.1900237,3.916888,1.9034396,2.6724412,-0.6607608,2.2236576,1.5962055,-1.7013636,4.7379518,-3.2057118,1.1719944
nucleoplasm,2.7001348,-1.4526198,0.21994087,2.3388805,-1.6792307,0.7423748,2.915956,3.295967,1.9099041,1.041327,2.8996782,0.61859226,-1.3400192,4.677161,-3.2347496,0.7636033
perinuclear region,2.4280183,-0.39975485,0.70753425,-1.3455844,-2.508223,1.5944067,0.46565247,0.7477438,-0.34993678,0.89149284,0.91964436,1.1784953,2.6060023,-1.0008327,0.827059,-0.17225511
photoreceptor outer segment,-0.3452462,1.3557541,1.2275835,-2.860425,-1.1272032,-1.4551933,0.017883822,-2.1036682,2.9949207,-3.8359377,-0.46220672,0.3341039,-0.09631065,0.13495448,0.32264125,-1.2424953
ruffle membrane,2.4952636,2.1686852,4.6366296,-1.306525,-2.189081,1.9912283,-0.5376385,0.49400276,-2.581455,-0.33454618,0.16561557,2.2970111,-0.7337784,-3.9559066,0.9866589,1.2563525
sarcolemma,1.0762186,-4.076057,2.9365218,-1.0825653,0.2862299,0.59256697,1.1642361,-1.2271792,-5.4930625,-0.28906757,1.137644,2.8194013,1.2439444,-2.4048433,3.004394,-1.3136724
sarcomere,0.9836672,-5.7244015,2.4948578,-0.7906968,0.07089681,0.20323628,1.8325409,-0.6751227,-5.8226886,0.05631541,0.7904263,2.2622478,1.7139336,-1.9678144,2.3470345,-1.7516778
sarcoplasm,-0.22810201,-0.085550055,-0.1311989,0.02811347,-0.66723925,0.72236645,0.7483998,0.8241988,0.24372567,0.72976273,0.36393416,-0.00030624145,0.23489106,-0.087452576,-0.069701135,-0.19275449
secretory vesicle,-0.81193405,0.62212056,1.6442742,-0.22570446,2.4207964,-0.9115965,-1.9042356,-1.223948,1.4032217,-5.9000864,-1.1180066,-3.01291,-0.1894286,0.43666685,-2.2466037,-2.1458764
secretory vesicle lumen,-0.47701916,-2.1964602,3.9109123,-0.45635244,4.3580923,0.44791153,-4.0843062,1.2511811,2.797762,-2.1394303,-1.3314409,-4.0577755,-2.4110315,-0.19163743,-1.5931422,-3.3429067
secretory vesicle membrane,0.05464176,-1.9882993,4.204091,-0.5543445,4.5217443,-0.15019344,-3.7741842,0.6771783,2.3151925,-2.547986,-0.8316211,-3.9326642,-2.6673527,0.36326656,-1.3359677,-3.0677874
spindle,0.9374714,-0.41239196,-1.7656264,-1.7823869,-2.172645,0.6817036,0.32957184,-0.33021992,2.9806356,3.6284676,-2.2198462,1.4267712,2.1524827,-1.2694552,0.3973408,-0.67807436
stress fiber,-2.12456,-3.7930553,-0.06683916,0.22022301,-2.9920797,-4.46361,-2.9354093,0.71869254,1.5465283,1.0030172,-2.3613553,3.448852,3.0034337,-2.9488256,-1.6743262,3.3030689
synaptic vesicle membrane,-1.6746587,2.1469948,1.3635652,-0.43340105,0.07736616,-3.426646,1.284292,-2.8392372,1.4320248,-5.041465,-0.6289964,-1.6637638,-0.39676344,1.6415312,0.35636878,-2.7998075
synaptosome,-0.57921666,1.698033,-0.633105,1.4575285,2.0629807,-5.4848475,2.9513547,-1.780353,-2.2353065,0.05342958,2.0878503,-0.3354411,-1.1146678,3.0679555,-0.6123474,-1.480959
telomere,1.671105,-0.066374905,-0.80546224,-1.5447545,-0.44318908,1.6801488,1.0831634,1.5900185,1.585717,-0.4006959,0.0054387175,1.1612762,-0.0045779883,-0.2841327,-1.3317342,-0.0053334297
trans-Golgi network membrane,1.6482934,-0.04406463,-1.4832573,1.266609,4.250818,-0.62121594,-0.6985681,-2.0257566,0.8986777,0.56637925,2.6338012,3.9139097,-2.4244733,-1.6526209,-0.20374884,-1.2939962
